-- Insert data into Provinces
INSERT INTO Provinces (province_name, sale_tax_percent, country, currency)
VALUES 
    ('Alberta', 5.00, 'Canada', 'CAD'),
    ('British Columbia', 8.00, 'Canada', 'CAD'),
    ('Ontario', 13.00, 'Canada', 'CAD'),
    ('Gronk', 99.99, 'North Korea', 'KRW');

-- Insert data into Theaters
INSERT INTO Theaters (theater_name, theater_address, theater_city, province_name)
VALUES 
    ('Cineplex Calgary', '123 Main St', 'Calgary', 'Alberta');

-- Insert data into Movies
INSERT INTO Movies (movie_name, director, release_date)
VALUES 
    ('Inception', 'Christopher Nolan', '2010-07-16'),
    ('The Matrix', 'Lana Wachowski, Lilly Wachowski', '1999-03-31'),
    ('Avengers: Endgame', 'Anthony Russo, Joe Russo', '2019-04-26'),
    ('Boss Baby', 'Tom McGrath', '2017-03-25');

-- Insert data into Showrooms
INSERT INTO Showrooms (showroom_id, theater_id, num_rows, num_columns)
VALUES 
    (1, 1, 5, 15),
    (2, 1, 5, 15),
    (3, 1, 5, 15);

-- Insert data into Shows and retrieve auto-incremented show_id
INSERT INTO Shows (theater_id, ticket_price, showroom_id, movie_name, date_and_time)
VALUES 
    (1, 15.80, 1, 'Inception', '2024-12-25 18:00:00'),
    (1, 17.80, 1, 'The Matrix', '2024-12-26 20:00:00'),
    (1, 22.80, 2, 'Avengers: Endgame', '2024-12-27 15:30:00'),
    (1, 6.80, 3, 'Boss Baby', '2024-12-24 15:30:00');

-- Get `show_id` dynamically for Tickets
SET @show_id_inception = (SELECT show_id FROM Shows WHERE movie_name = 'Inception');
SET @show_id_matrix = (SELECT show_id FROM Shows WHERE movie_name = 'The Matrix');
SET @show_id_avengers = (SELECT show_id FROM Shows WHERE movie_name = 'Avengers: Endgame');
SET @show_id_bossbaby = (SELECT show_id FROM Shows WHERE movie_name = 'Boss Baby');

-- Insert data into Registered_Users
INSERT INTO Registered_Users (email, pass_word, last_name, first_name)
VALUES 
    ('jdoe@example.com', 'password123', 'Doe', 'John'),
    ('asmith@example.com', 'mypassword', 'Smith', 'Alice'),
    ('bwhite@example.com', 'securepass', 'White', 'Brian'),
    ('obamna@gov.ca', 'iloveisis', 'Obama', 'Barrack');

-- Insert data into CreditCards
INSERT INTO CreditCards (CardNumber, ExpirationDate, CVV, email)
VALUES 
    ('1234567890123456', '2026-12-31', 123, 'jdoe@example.com'),
    ('9876543210987654', '2025-08-15', 456, 'asmith@example.com'),
    ('1111222233334444', '2027-05-20', 789, 'jdoe@example.com'),
    ('1321654986516549', '2027-06-20', 420, 'obamna@gov.ca');

-- Insert data into Tickets using dynamic show_ids
INSERT INTO Tickets (seat_row, seat_column, show_id, ticket_price, Customer_email)
VALUES 
    (5, 6, @show_id_inception, 15.80, 'jdoe@example.com'), -- John Doe booking for Inception
    (4, 8, @show_id_matrix, 17.80, 'asmith@example.com'),  -- Alice booking for The Matrix
    (4, 15, @show_id_avengers, 22.80, NULL),               -- Reserved seat, no customer
    (4, 5, @show_id_bossbaby, 6.80, 'obamna@gov.ca');      -- Barrack booking for Boss Baby


INSERT INTO Seats (id, seat_row, seat_column, booked, showroom_id, theater_id, date_and_time) 
VALUES 
(1011, 1, 1, FALSE, 1, 1, '2024-12-25 18:00:00'),
(1021, 1, 2, FALSE, 1, 1, '2024-12-25 18:00:00'),
(1031, 1, 3, FALSE, 1, 1, '2024-12-25 18:00:00'),
(1041, 1, 4, FALSE, 1, 1, '2024-12-25 18:00:00'),
(1051, 1, 5, FALSE, 1, 1, '2024-12-25 18:00:00'),
(1061, 1, 6, FALSE, 1, 1, '2024-12-25 18:00:00'),
(1071, 1, 7, FALSE, 1, 1, '2024-12-25 18:00:00'),
(1081, 1, 8, FALSE, 1, 1, '2024-12-25 18:00:00'),
(1091, 1, 9, FALSE, 1, 1, '2024-12-25 18:00:00'),
(1101, 1, 10, FALSE, 1, 1, '2024-12-25 18:00:00'),
(1111, 1, 11, FALSE, 1, 1, '2024-12-25 18:00:00'),
(1121, 1, 12, FALSE, 1, 1, '2024-12-25 18:00:00'),
(1131, 1, 13, FALSE, 1, 1, '2024-12-25 18:00:00'),
(1141, 1, 14, FALSE, 1, 1, '2024-12-25 18:00:00'),
(1151, 1, 15, FALSE, 1, 1, '2024-12-25 18:00:00'),
(2011, 2, 1, FALSE, 1, 1, '2024-12-25 18:00:00'),
(2021, 2, 2, FALSE, 1, 1, '2024-12-25 18:00:00'),
(2031, 2, 3, FALSE, 1, 1, '2024-12-25 18:00:00'),
(2041, 2, 4, FALSE, 1, 1, '2024-12-25 18:00:00'),
(2051, 2, 5, FALSE, 1, 1, '2024-12-25 18:00:00'),
(2061, 2, 6, FALSE, 1, 1, '2024-12-25 18:00:00'),
(2071, 2, 7, FALSE, 1, 1, '2024-12-25 18:00:00'),
(2081, 2, 8, FALSE, 1, 1, '2024-12-25 18:00:00'),
(2091, 2, 9, FALSE, 1, 1, '2024-12-25 18:00:00'),
(2101, 2, 10, FALSE, 1, 1, '2024-12-25 18:00:00'),
(2111, 2, 11, FALSE, 1, 1, '2024-12-25 18:00:00'),
(2121, 2, 12, FALSE, 1, 1, '2024-12-25 18:00:00'),
(2131, 2, 13, FALSE, 1, 1, '2024-12-25 18:00:00'),
(2141, 2, 14, FALSE, 1, 1, '2024-12-25 18:00:00'),
(2151, 2, 15, FALSE, 1, 1, '2024-12-25 18:00:00'),
(3011, 3, 1, FALSE, 1, 1, '2024-12-25 18:00:00'),
(3021, 3, 2, FALSE, 1, 1, '2024-12-25 18:00:00'),
(3031, 3, 3, FALSE, 1, 1, '2024-12-25 18:00:00'),
(3041, 3, 4, FALSE, 1, 1, '2024-12-25 18:00:00'),
(3051, 3, 5, FALSE, 1, 1, '2024-12-25 18:00:00'),
(3061, 3, 6, FALSE, 1, 1, '2024-12-25 18:00:00'),
(3071, 3, 7, FALSE, 1, 1, '2024-12-25 18:00:00'),
(3081, 3, 8, FALSE, 1, 1, '2024-12-25 18:00:00'),
(3091, 3, 9, FALSE, 1, 1, '2024-12-25 18:00:00'),
(3101, 3, 10, FALSE, 1, 1, '2024-12-25 18:00:00'),
(3111, 3, 11, FALSE, 1, 1, '2024-12-25 18:00:00'),
(3121, 3, 12, FALSE, 1, 1, '2024-12-25 18:00:00'),
(3131, 3, 13, FALSE, 1, 1, '2024-12-25 18:00:00'),
(3141, 3, 14, FALSE, 1, 1, '2024-12-25 18:00:00'),
(3151, 3, 15, FALSE, 1, 1, '2024-12-25 18:00:00'),
(4011, 4, 1, FALSE, 1, 1, '2024-12-25 18:00:00'),
(4021, 4, 2, FALSE, 1, 1, '2024-12-25 18:00:00'),
(4031, 4, 3, FALSE, 1, 1, '2024-12-25 18:00:00'),
(4041, 4, 4, FALSE, 1, 1, '2024-12-25 18:00:00'),
(4051, 4, 5, FALSE, 1, 1, '2024-12-25 18:00:00'),
(4061, 4, 6, FALSE, 1, 1, '2024-12-25 18:00:00'),
(4071, 4, 7, FALSE, 1, 1, '2024-12-25 18:00:00'),
(4081, 4, 8, FALSE, 1, 1, '2024-12-25 18:00:00'),
(4091, 4, 9, FALSE, 1, 1, '2024-12-25 18:00:00'),
(4101, 4, 10, FALSE, 1, 1, '2024-12-25 18:00:00'),
(4111, 4, 11, FALSE, 1, 1, '2024-12-25 18:00:00'),
(4121, 4, 12, FALSE, 1, 1, '2024-12-25 18:00:00'),
(4131, 4, 13, FALSE, 1, 1, '2024-12-25 18:00:00'),
(4141, 4, 14, FALSE, 1, 1, '2024-12-25 18:00:00'),
(4151, 4, 15, FALSE, 1, 1, '2024-12-25 18:00:00'),
(5011, 5, 1, FALSE, 1, 1, '2024-12-25 18:00:00'),
(5021, 5, 2, FALSE, 1, 1, '2024-12-25 18:00:00'),
(5031, 5, 3, FALSE, 1, 1, '2024-12-25 18:00:00'),
(5041, 5, 4, FALSE, 1, 1, '2024-12-25 18:00:00'),
(5051, 5, 5, FALSE, 1, 1, '2024-12-25 18:00:00'),
(5061, 5, 6, FALSE, 1, 1, '2024-12-25 18:00:00'),
(5071, 5, 7, FALSE, 1, 1, '2024-12-25 18:00:00'),
(5081, 5, 8, FALSE, 1, 1, '2024-12-25 18:00:00'),
(5091, 5, 9, FALSE, 1, 1, '2024-12-25 18:00:00'),
(5101, 5, 10, FALSE, 1, 1, '2024-12-25 18:00:00'),
(5111, 5, 11, FALSE, 1, 1, '2024-12-25 18:00:00'),
(5121, 5, 12, FALSE, 1, 1, '2024-12-25 18:00:00'),
(5131, 5, 13, FALSE, 1, 1, '2024-12-25 18:00:00'),
(5141, 5, 14, FALSE, 1, 1, '2024-12-25 18:00:00'),
(5151, 5, 15, FALSE, 1, 1, '2024-12-25 18:00:00');

INSERT INTO Seats (id, seat_row, seat_column, booked, showroom_id, theater_id, date_and_time) 
VALUES 
(1011, 1, 1, FALSE, 1, 1, '2024-12-26 20:00:00'),
(1021, 1, 2, FALSE, 1, 1, '2024-12-26 20:00:00'),
(1031, 1, 3, FALSE, 1, 1, '2024-12-26 20:00:00'),
(1041, 1, 4, FALSE, 1, 1, '2024-12-26 20:00:00'),
(1051, 1, 5, FALSE, 1, 1, '2024-12-26 20:00:00'),
(1061, 1, 6, FALSE, 1, 1, '2024-12-26 20:00:00'),
(1071, 1, 7, FALSE, 1, 1, '2024-12-26 20:00:00'),
(1081, 1, 8, FALSE, 1, 1, '2024-12-26 20:00:00'),
(1091, 1, 9, FALSE, 1, 1, '2024-12-26 20:00:00'),
(1101, 1, 10, FALSE, 1, 1, '2024-12-26 20:00:00'),
(1111, 1, 11, FALSE, 1, 1, '2024-12-26 20:00:00'),
(1121, 1, 12, FALSE, 1, 1, '2024-12-26 20:00:00'),
(1131, 1, 13, FALSE, 1, 1, '2024-12-26 20:00:00'),
(1141, 1, 14, FALSE, 1, 1, '2024-12-26 20:00:00'),
(1151, 1, 15, FALSE, 1, 1, '2024-12-26 20:00:00'),
(2011, 2, 1, FALSE, 1, 1, '2024-12-26 20:00:00'),
(2021, 2, 2, FALSE, 1, 1, '2024-12-26 20:00:00'),
(2031, 2, 3, FALSE, 1, 1, '2024-12-26 20:00:00'),
(2041, 2, 4, FALSE, 1, 1, '2024-12-26 20:00:00'),
(2051, 2, 5, FALSE, 1, 1, '2024-12-26 20:00:00'),
(2061, 2, 6, FALSE, 1, 1, '2024-12-26 20:00:00'),
(2071, 2, 7, FALSE, 1, 1, '2024-12-26 20:00:00'),
(2081, 2, 8, FALSE, 1, 1, '2024-12-26 20:00:00'),
(2091, 2, 9, FALSE, 1, 1, '2024-12-26 20:00:00'),
(2101, 2, 10, FALSE, 1, 1, '2024-12-26 20:00:00'),
(2111, 2, 11, FALSE, 1, 1, '2024-12-26 20:00:00'),
(2121, 2, 12, FALSE, 1, 1, '2024-12-26 20:00:00'),
(2131, 2, 13, FALSE, 1, 1, '2024-12-26 20:00:00'),
(2141, 2, 14, FALSE, 1, 1, '2024-12-26 20:00:00'),
(2151, 2, 15, FALSE, 1, 1, '2024-12-26 20:00:00'),
(3011, 3, 1, FALSE, 1, 1, '2024-12-26 20:00:00'),
(3021, 3, 2, FALSE, 1, 1, '2024-12-26 20:00:00'),
(3031, 3, 3, FALSE, 1, 1, '2024-12-26 20:00:00'),
(3041, 3, 4, FALSE, 1, 1, '2024-12-26 20:00:00'),
(3051, 3, 5, FALSE, 1, 1, '2024-12-26 20:00:00'),
(3061, 3, 6, FALSE, 1, 1, '2024-12-26 20:00:00'),
(3071, 3, 7, FALSE, 1, 1, '2024-12-26 20:00:00'),
(3081, 3, 8, FALSE, 1, 1, '2024-12-26 20:00:00'),
(3091, 3, 9, FALSE, 1, 1, '2024-12-26 20:00:00'),
(3101, 3, 10, FALSE, 1, 1, '2024-12-26 20:00:00'),
(3111, 3, 11, FALSE, 1, 1, '2024-12-26 20:00:00'),
(3121, 3, 12, FALSE, 1, 1, '2024-12-26 20:00:00'),
(3131, 3, 13, FALSE, 1, 1, '2024-12-26 20:00:00'),
(3141, 3, 14, FALSE, 1, 1, '2024-12-26 20:00:00'),
(3151, 3, 15, FALSE, 1, 1, '2024-12-26 20:00:00'),
(4011, 4, 1, FALSE, 1, 1, '2024-12-26 20:00:00'),
(4021, 4, 2, FALSE, 1, 1, '2024-12-26 20:00:00'),
(4031, 4, 3, FALSE, 1, 1, '2024-12-26 20:00:00'),
(4041, 4, 4, FALSE, 1, 1, '2024-12-26 20:00:00'),
(4051, 4, 5, FALSE, 1, 1, '2024-12-26 20:00:00'),
(4061, 4, 6, FALSE, 1, 1, '2024-12-26 20:00:00'),
(4071, 4, 7, FALSE, 1, 1, '2024-12-26 20:00:00'),
(4081, 4, 8, FALSE, 1, 1, '2024-12-26 20:00:00'),
(4091, 4, 9, FALSE, 1, 1, '2024-12-26 20:00:00'),
(4101, 4, 10, FALSE, 1, 1, '2024-12-26 20:00:00'),
(4111, 4, 11, FALSE, 1, 1, '2024-12-26 20:00:00'),
(4121, 4, 12, FALSE, 1, 1, '2024-12-26 20:00:00'),
(4131, 4, 13, FALSE, 1, 1, '2024-12-26 20:00:00'),
(4141, 4, 14, FALSE, 1, 1, '2024-12-26 20:00:00'),
(4151, 4, 15, FALSE, 1, 1, '2024-12-26 20:00:00'),
(5011, 5, 1, FALSE, 1, 1, '2024-12-26 20:00:00'),
(5021, 5, 2, FALSE, 1, 1, '2024-12-26 20:00:00'),
(5031, 5, 3, FALSE, 1, 1, '2024-12-26 20:00:00'),
(5041, 5, 4, FALSE, 1, 1, '2024-12-26 20:00:00'),
(5051, 5, 5, FALSE, 1, 1, '2024-12-26 20:00:00'),
(5061, 5, 6, FALSE, 1, 1, '2024-12-26 20:00:00'),
(5071, 5, 7, FALSE, 1, 1, '2024-12-26 20:00:00'),
(5081, 5, 8, FALSE, 1, 1, '2024-12-26 20:00:00'),
(5091, 5, 9, FALSE, 1, 1, '2024-12-26 20:00:00'),
(5101, 5, 10, FALSE, 1, 1, '2024-12-26 20:00:00'),
(5111, 5, 11, FALSE, 1, 1, '2024-12-26 20:00:00'),
(5121, 5, 12, FALSE, 1, 1, '2024-12-26 20:00:00'),
(5131, 5, 13, FALSE, 1, 1, '2024-12-26 20:00:00'),
(5141, 5, 14, FALSE, 1, 1, '2024-12-26 20:00:00'),
(5151, 5, 15, FALSE, 1, 1, '2024-12-26 20:00:00');


INSERT INTO Seats (id, seat_row, seat_column, booked, showroom_id, theater_id, date_and_time) 
VALUES 
(1012, 1, 1, FALSE, 2, 1, '2024-12-27 15:30:00'),
(1022, 1, 2, FALSE, 2, 1, '2024-12-27 15:30:00'),
(1032, 1, 3, FALSE, 2, 1, '2024-12-27 15:30:00'),
(1042, 1, 4, FALSE, 2, 1, '2024-12-27 15:30:00'),
(1052, 1, 5, FALSE, 2, 1, '2024-12-27 15:30:00'),
(1062, 1, 6, FALSE, 2, 1, '2024-12-27 15:30:00'),
(1072, 1, 7, FALSE, 2, 1, '2024-12-27 15:30:00'),
(1082, 1, 8, FALSE, 2, 1, '2024-12-27 15:30:00'),
(1092, 1, 9, FALSE, 2, 1, '2024-12-27 15:30:00'),
(1102, 1, 10, FALSE, 2, 1, '2024-12-27 15:30:00'),
(1112, 1, 11, FALSE, 2, 1, '2024-12-27 15:30:00'),
(1122, 1, 12, FALSE, 2, 1, '2024-12-27 15:30:00'),
(1132, 1, 13, FALSE, 2, 1, '2024-12-27 15:30:00'),
(1142, 1, 14, FALSE, 2, 1, '2024-12-27 15:30:00'),
(1152, 1, 15, FALSE, 2, 1, '2024-12-27 15:30:00'),
(2012, 2, 1, FALSE, 2, 1, '2024-12-27 15:30:00'),
(2022, 2, 2, FALSE, 2, 1, '2024-12-27 15:30:00'),
(2032, 2, 3, FALSE, 2, 1, '2024-12-27 15:30:00'),
(2042, 2, 4, FALSE, 2, 1, '2024-12-27 15:30:00'),
(2052, 2, 5, FALSE, 2, 1, '2024-12-27 15:30:00'),
(2062, 2, 6, FALSE, 2, 1, '2024-12-27 15:30:00'),
(2072, 2, 7, FALSE, 2, 1, '2024-12-27 15:30:00'),
(2082, 2, 8, FALSE, 2, 1, '2024-12-27 15:30:00'),
(2092, 2, 9, FALSE, 2, 1, '2024-12-27 15:30:00'),
(2102, 2, 10, FALSE, 2, 1, '2024-12-27 15:30:00'),
(2112, 2, 11, FALSE, 2, 1, '2024-12-27 15:30:00'),
(2122, 2, 12, FALSE, 2, 1, '2024-12-27 15:30:00'),
(2132, 2, 13, FALSE, 2, 1, '2024-12-27 15:30:00'),
(2142, 2, 14, FALSE, 2, 1, '2024-12-27 15:30:00'),
(2152, 2, 15, FALSE, 2, 1, '2024-12-27 15:30:00'),
(3012, 3, 1, FALSE, 2, 1, '2024-12-27 15:30:00'),
(3022, 3, 2, FALSE, 2, 1, '2024-12-27 15:30:00'),
(3032, 3, 3, FALSE, 2, 1, '2024-12-27 15:30:00'),
(3042, 3, 4, FALSE, 2, 1, '2024-12-27 15:30:00'),
(3052, 3, 5, FALSE, 2, 1, '2024-12-27 15:30:00'),
(3062, 3, 6, FALSE, 2, 1, '2024-12-27 15:30:00'),
(3072, 3, 7, FALSE, 2, 1, '2024-12-27 15:30:00'),
(3082, 3, 8, FALSE, 2, 1, '2024-12-27 15:30:00'),
(3092, 3, 9, FALSE, 2, 1, '2024-12-27 15:30:00'),
(3102, 3, 10, FALSE, 2, 1, '2024-12-27 15:30:00'),
(3112, 3, 11, FALSE, 2, 1, '2024-12-27 15:30:00'),
(3122, 3, 12, FALSE, 2, 1, '2024-12-27 15:30:00'),
(3132, 3, 13, FALSE, 2, 1, '2024-12-27 15:30:00'),
(3142, 3, 14, FALSE, 2, 1, '2024-12-27 15:30:00'),
(3152, 3, 15, FALSE, 2, 1, '2024-12-27 15:30:00'),
(4012, 4, 1, FALSE, 2, 1, '2024-12-27 15:30:00'),
(4022, 4, 2, FALSE, 2, 1, '2024-12-27 15:30:00'),
(4032, 4, 3, FALSE, 2, 1, '2024-12-27 15:30:00'),
(4042, 4, 4, FALSE, 2, 1, '2024-12-27 15:30:00'),
(4052, 4, 5, FALSE, 2, 1, '2024-12-27 15:30:00'),
(4062, 4, 6, FALSE, 2, 1, '2024-12-27 15:30:00'),
(4072, 4, 7, FALSE, 2, 1, '2024-12-27 15:30:00'),
(4082, 4, 8, FALSE, 2, 1, '2024-12-27 15:30:00'),
(4092, 4, 9, FALSE, 2, 1, '2024-12-27 15:30:00'),
(4102, 4, 10, FALSE, 2, 1, '2024-12-27 15:30:00'),
(4112, 4, 11, FALSE, 2, 1, '2024-12-27 15:30:00'),
(4122, 4, 12, FALSE, 2, 1, '2024-12-27 15:30:00'),
(4132, 4, 13, FALSE, 2, 1, '2024-12-27 15:30:00'),
(4142, 4, 14, FALSE, 2, 1, '2024-12-27 15:30:00'),
(4152, 4, 15, FALSE, 2, 1, '2024-12-27 15:30:00'),
(5012, 5, 1, FALSE, 2, 1,'2024-12-27 15:30:00'),
(5022, 5, 2, FALSE, 2, 1, '2024-12-27 15:30:00'),
(5032, 5, 3, FALSE, 2, 1, '2024-12-27 15:30:00'),
(5042, 5, 4, FALSE, 2, 1, '2024-12-27 15:30:00'),
(5052, 5, 5, FALSE, 2, 1, '2024-12-27 15:30:00'),
(5062, 5, 6, FALSE, 2, 1, '2024-12-27 15:30:00'),
(5072, 5, 7, FALSE, 2, 1, '2024-12-27 15:30:00'),
(5082, 5, 8, FALSE, 2, 1, '2024-12-27 15:30:00'),
(5092, 5, 9, FALSE, 2, 1, '2024-12-27 15:30:00'),
(5102, 5, 10, FALSE, 2, 1, '2024-12-27 15:30:00'),
(5112, 5, 11, FALSE, 2, 1, '2024-12-27 15:30:00'),
(5122, 5, 12, FALSE, 2, 1, '2024-12-27 15:30:00'),
(5132, 5, 13, FALSE, 2, 1, '2024-12-27 15:30:00'),
(5142, 5, 14, FALSE, 2, 1, '2024-12-27 15:30:00'),
(5152, 5, 15, FALSE, 2, 1, '2024-12-27 15:30:00');


INSERT INTO Seats (id, seat_row, seat_column, booked, showroom_id, theater_id, date_and_time) 
VALUES 
(1033, 1, 1, FALSE, 3, 1, '2024-12-24 15:30:00'),
(1023, 1, 2, FALSE, 3, 1, '2024-12-24 15:30:00'),
(1033, 1, 3, FALSE, 3, 1, '2024-12-24 15:30:00'),
(1043, 1, 4, FALSE, 3, 1, '2024-12-24 15:30:00'),
(1053, 1, 5, FALSE, 3, 1, '2024-12-24 15:30:00'),
(1063, 1, 6, FALSE, 3, 1, '2024-12-24 15:30:00'),
(1073, 1, 7, FALSE, 3, 1, '2024-12-24 15:30:00'),
(1083, 1, 8, FALSE, 3, 1, '2024-12-24 15:30:00'),
(1093, 1, 9, FALSE, 3, 1, '2024-12-24 15:30:00'),
(1103, 1, 10, FALSE, 3, 1, '2024-12-24 15:30:00'),
(1113, 1, 11, FALSE, 3, 1, '2024-12-24 15:30:00'),
(1123, 1, 12, FALSE, 3, 1, '2024-12-24 15:30:00'),
(1133, 1, 13, FALSE, 3, 1, '2024-12-24 15:30:00'),
(1143, 1, 14, FALSE, 3, 1, '2024-12-24 15:30:00'),
(1153, 1, 15, FALSE, 3, 1, '2024-12-24 15:30:00'),
(2133, 2, 1, FALSE, 3, 1, '2024-12-24 15:30:00'),
(2023, 2, 2, FALSE, 3, 1, '2024-12-24 15:30:00'),
(2033, 2, 3, FALSE, 3, 1, '2024-12-24 15:30:00'),
(2043, 2, 4, FALSE, 3, 1, '2024-12-24 15:30:00'),
(2053, 2, 5, FALSE, 3, 1, '2024-12-24 15:30:00'),
(2063, 2, 6, FALSE, 3, 1, '2024-12-24 15:30:00'),
(2073, 2, 7, FALSE, 3, 1, '2024-12-24 15:30:00'),
(2083, 2, 8, FALSE, 3, 1, '2024-12-24 15:30:00'),
(2093, 2, 9, FALSE, 3, 1, '2024-12-24 15:30:00'),
(2103, 2, 10, FALSE, 3, 1, '2024-12-24 15:30:00'),
(2113, 2, 11, FALSE, 3, 1, '2024-12-24 15:30:00'),
(2123, 2, 12, FALSE, 3, 1, '2024-12-24 15:30:00'),
(2133, 2, 13, FALSE, 3, 1, '2024-12-24 15:30:00'),
(2143, 2, 14, FALSE, 3, 1, '2024-12-24 15:30:00'),
(2153, 2, 15, FALSE, 3, 1, '2024-12-24 15:30:00'),
(3033, 3, 1, FALSE, 3, 1, '2024-12-24 15:30:00'),
(3023, 3, 2, FALSE, 3, 1, '2024-12-24 15:30:00'),
(3033, 3, 3, FALSE, 3, 1, '2024-12-24 15:30:00'),
(3043, 3, 4, FALSE, 3, 1, '2024-12-24 15:30:00'),
(3053, 3, 5, FALSE, 3, 1, '2024-12-24 15:30:00'),
(3063, 3, 6, FALSE, 3, 1, '2024-12-24 15:30:00'),
(3073, 3, 7, FALSE, 3, 1, '2024-12-24 15:30:00'),
(3083, 3, 8, FALSE, 3, 1, '2024-12-24 15:30:00'),
(3093, 3, 9, FALSE, 3, 1, '2024-12-24 15:30:00'),
(3103, 3, 10, FALSE, 3, 1, '2024-12-24 15:30:00'),
(3113, 3, 11, FALSE, 3, 1, '2024-12-24 15:30:00'),
(3123, 3, 12, FALSE, 3, 1, '2024-12-24 15:30:00'),
(3133, 3, 13, FALSE, 3, 1, '2024-12-24 15:30:00'),
(3143, 3, 14, FALSE, 3, 1, '2024-12-24 15:30:00'),
(3153, 3, 15, FALSE, 3, 1, '2024-12-24 15:30:00'),
(4033, 4, 1, FALSE, 3, 1, '2024-12-24 15:30:00'),
(4023, 4, 2, FALSE, 3, 1, '2024-12-24 15:30:00'),
(4033, 4, 3, FALSE, 3, 1, '2024-12-24 15:30:00'),
(4043, 4, 4, FALSE, 3, 1, '2024-12-24 15:30:00'),
(4053, 4, 5, FALSE, 3, 1, '2024-12-24 15:30:00'),
(4063, 4, 6, FALSE, 3, 1, '2024-12-24 15:30:00'),
(4073, 4, 7, FALSE, 3, 1, '2024-12-24 15:30:00'),
(4083, 4, 8, FALSE, 3, 1, '2024-12-24 15:30:00'),
(4093, 4, 9, FALSE, 3, 1, '2024-12-24 15:30:00'),
(4103, 4, 10, FALSE, 3, 1, '2024-12-24 15:30:00'),
(4113, 4, 11, FALSE, 3, 1, '2024-12-24 15:30:00'),
(4123, 4, 12, FALSE, 3, 1, '2024-12-24 15:30:00'),
(4133, 4, 13, FALSE, 3, 1, '2024-12-24 15:30:00'),
(4143, 4, 14, FALSE, 3, 1, '2024-12-24 15:30:00'),
(4153, 4, 15, FALSE, 3, 1, '2024-12-24 15:30:00'),
(5033, 5, 1, FALSE, 3, 1, '2024-12-24 15:30:00'),
(5023, 5, 2, FALSE, 3, 1, '2024-12-24 15:30:00'),
(5033, 5, 3, FALSE, 3, 1, '2024-12-24 15:30:00'),
(5043, 5, 4, FALSE, 3, 1, '2024-12-24 15:30:00'),
(5053, 5, 5, FALSE, 3, 1, '2024-12-24 15:30:00'),
(5063, 5, 6, FALSE, 3, 1, '2024-12-24 15:30:00'),
(5073, 5, 7, FALSE, 3, 1, '2024-12-24 15:30:00'),
(5083, 5, 8, FALSE, 3, 1, '2024-12-24 15:30:00'),
(5093, 5, 9, FALSE, 3, 1, '2024-12-24 15:30:00'),
(5103, 5, 10, FALSE, 3, 1, '2024-12-24 15:30:00'),
(5113, 5, 11, FALSE, 3, 1, '2024-12-24 15:30:00'),
(5123, 5, 12, FALSE, 3, 1, '2024-12-24 15:30:00'),
(5133, 5, 13, FALSE, 3, 1, '2024-12-24 15:30:00'),
(5143, 5, 14, FALSE, 3, 1, '2024-12-24 15:30:00'),
(5153, 5, 15, FALSE, 3, 1, '2024-12-24 15:30:00');

